title,slug,conteudo_md,categories,tags,modalidade,competicao,fase_rodada,equipe_1,equipe_2,local,onde_assistir,date,hora,link_oficial,featured_image_url,gallery_urls,cta_image_url,cta_text,cta_link,template,wp_status,cta_block_id,excerpt,seo_title,seo_description
[P√≥s] üèÜ Flamengo x Atl√©tico-MG ‚Äî Oitavas (Ida),202507312130-flamengo-x-atletico-mg-oitavas-ida,"**Competi√ß√£o:** Copa do Brasil ‚Äî Oitavas (ida)  
**Jogo:** Flamengo x Atl√©tico-MG  
**Data/Hora:** 31/07/2025 21:30 (BRT) ‚Äî **Local:** Maracan√£, Rio de Janeiro - RJ  
**Onde assistir:** Premiere, Caz√©TV, Record

### Pr√©-jogo
- Flamengo: prov√°vel escala√ß√£o, desfalques e momento na temporada.
- Atl√©tico-MG: prov√°vel escala√ß√£o, desfalques e momento na temporada.
- Retrospecto recente entre os clubes e desempenho como mandante/visitante.

### P√≥s-jogo
> Atualize ap√≥s o apito final: placar, gols, melhores momentos, p√∫blico e renda.","Esportes, Futebol, Copa do Brasil","Flamengo, Atl√©tico-MG, Copa do Brasil 2025, Oitavas",Futebol,Copa_do_Brasil,Oitavas (ida),Flamengo,Atl√©tico-MG,"Maracan√£, Rio de Janeiro - RJ","Premiere, Caz√©TV, Record",2025-07-31,21:30,https://www.cbf.com.br/,,,,Seja nosso patrocinador,mailto:apoio@oalink.com.br,CopaBR,draft,,"Resumo, escala√ß√µes, onde assistir e destaques do confronto pela Copa do Brasil.",Flamengo x Atl√©tico-MG ‚Äî Oitavas (ida) | Copa do Brasil 2025,"Onde assistir, hor√°rio, local e resumo de Flamengo x Atl√©tico-MG pelas oitavas da Copa do Brasil 2025."
[Pr√©] üáßüá∑ Cear√° x Flamengo ‚Äî Rodada 18,202508031830-ceara-x-flamengo-brasileirao-rodada-18,"**Rodada:** 18  
**Jogo:** Cear√° x Flamengo  
**Data/Hora:** 03/08/2025 18:30 (BRT) ‚Äî **Local:** Arena Castel√£o, Fortaleza - CE  
**Onde assistir:** Caz√© TV, Premiere, Record

### Contexto
- Situa√ß√£o do Cear√°: ‚Ä¶  
- Situa√ß√£o do Flamengo: ‚Ä¶  
- Destaques: ‚Ä¶

### O que observar
- Duelo t√°tico esperado, principais confrontos individuais e estat√≠sticas recentes.","Esportes, Futebol, Brasileir√£o","Cear√°, Flamengo, Brasileir√£o 2025, Rodada 18",Futebol,Brasileirao,Rodada 18,Cear√°,Flamengo,"Arena Castel√£o, Fortaleza - CE","Caz√© TV, Premiere, Record",2025-08-03,18:30,https://www.cbf.com.br/,,,,Seja nosso patrocinador,mailto:apoio@oalink.com.br,Brasileirao,draft,,"Onde assistir, hor√°rio e contexto de Cear√° x Flamengo pela 18¬™ rodada do Brasileir√£o 2025.",Cear√° x Flamengo ‚Äî Brasileir√£o 2025 (Rodada 18),"Transmiss√£o, data, local e destaques de Cear√° x Flamengo pela 18¬™ rodada do Brasileir√£o 2025."
